Hersteller;Produkt;Produktart;Herstellerseite (geprueft);Datenblatt-PDF (falls oeffentlich);SDS gefunden
"ACMOS CHEMIE";"ACMOS 118-222";"RELEASE_AGENT";"https://www.acmos.com/produkte-anwendungen/guss";"";"nein"
"ACMOS CHEMIE";"ACMOScoat 118-6078";"RELEASE_AGENT";"https://www.acmos.com/produkte-anwendungen/guss";"";"nein"
"Addinol";"ADDINOL Gleitbahnöl XG 68";"SLIDEWAY_OIL";"https://addinol.de/en/products/product-finder/addinol-gleitbahnoel-xg-68/";"";"nein"
"Addinol";"ADDINOL VDL 100";"COMPRESSOR_OIL";"https://addinol.de/en/products/industrial-lubricants/compressor-oils/vdl-100/";"";"nein"
"Addinol";"ADDINOL VDL 150";"COMPRESSOR_OIL";"https://addinol.de/en/products/industrial-lubricants/compressor-oils/vdl-150/";"";"nein"
"Atlas Copco";"Atlas Copco Roto-Xtend Duty Fluid";"COMPRESSOR_OIL";"https://www.atlascopco.com/en-us/compressors/service/parts/compressor-oil/2901170000-rotoxtend";"";"nein"
"BANDELIN electronic";"TICKOPUR R 33";"CLEANER";"https://bandelin.com/en/shop/cleaning-and-disinfecting-preparations/tickopur-cleaning-preparations-2/tickopur-r-33-universal-cleaner-for-ultrasonic-cleaning-concentrate/";"https://bandelin.com/chemie_Dr_STAMM/Produktinformation/TICKOPUR_R_33_DE_STAMM.pdf";"nein"
"BITZER";"BSE32";"REFRIGERATION_OIL";"https://www.bitzer.de/shared_media/html/kt-500/de-DE/265588619265592587.html";"";"nein"
"BITZER";"BSE55";"REFRIGERATION_OIL";"https://www.bitzer.de/shared_media/html/kt-500/de-DE/265588619265592587.html";"";"nein"
"Blaser Swisslube";"B-Cool 755";"COOLANT_WATER_MIX";"https://blaser.com/measuring-the-coolant-concentration/";"https://www.lastuamisnesteet.fi/wp-content/uploads/2020/05/B-cool-755-Esite.pdf";"nein"
"Blaser Swisslube";"Blasoclean AF";"ADDITIVE";"https://blaser.com/de/systemreiniger-fuer-gute-startbedingungen/";"https://blaser.com/wp-content/uploads/Blaser_College_Wassermischbare_KSS_Reinigung_Befu%CC%88llung_von-Maschinen_de-2.pdf";"nein"
"Blaser Swisslube";"Blasocut 2000 CF";"COOLANT_WATER_MIX";"https://www.lastuamisnesteet.fi/wp-content/uploads/2017/02/Blasocut2000-esite-eng.pdf";"https://www.lastuamisnesteet.fi/wp-content/uploads/2017/02/Blasocut2000-esite-eng.pdf";"nein"
"Blaser Swisslube";"Blasocut BC 25 MD";"COOLANT_WATER_MIX";"https://blaser.com/our-metalworking-solutions/water-miscible-fluids/";"https://static.brw.ch/pdf/520026_de.pdf";"nein"
"Blaser Swisslube";"Blasogrind GTC 7";"GRINDING_OIL";"https://blaser.com/blasogrind-gtc-7/";"https://blaser.com/wp-content/uploads/blaser_blasogrind_GTC_7_14.500_en.pdf";"nein"
"Blaser Swisslube";"Blasogrind GTM 15 HFP";"GRINDING_OIL";"https://blaser.com/blasogrind-gtm-15-hfp/";"";"nein"
"Blaser Swisslube";"Blasogrind GTS 15";"GRINDING_OIL";"https://blaser.com/blasogrind-gts-15/";"";"nein"
"Blaser Swisslube";"Blasospark GT 250";"EDM_FLUID";"https://blaser.com/blasosparkgt250";"https://blaser.com/wp-content/uploads/2021/06/blaser_blasospark_gt_250_10.130_en_us.pdf";"nein"
"Blaser Swisslube";"Synergy 735";"COOLANT_WATER_MIX";"https://www.lastuamisnesteet.fi/wp-content/uploads/2019/12/Synergy-735-Esite.pdf";"https://www.lastuamisnesteet.fi/wp-content/uploads/2019/12/Synergy-735-Esite.pdf";"nein"
"Busch";"Busch VM 100";"VACUUM_PUMP_OIL";"https://www.buschvacuum.com/global/en/products/genuine-oils-vm-032-150.html";"";"nein"
"Busch";"Busch VSI 100";"VACUUM_PUMP_OIL";"https://www.buschvacuum.com/global/en/products/genuine-oils-vsi-100.html";"";"nein"
"CPI Fluid Engineering";"Solest 68";"REFRIGERATION_OIL";"https://climalife.com/product/cpi-solest-series/";"https://climalife.com/wp-content/uploads/2022/09/uploadsproductmediadocumentsolest-68-v1.pdf";"nein"
"Carl Bechem";"Avantin 433";"COOLANT_WATER_MIX";"https://www.bechem.com";"https://www.bechem.com/_Resources/Persistent/c/4/6/1/c461ec46ef229652e1ecb2e47749f02539706e85/BECHEM_Avantin_433_DE.pdf";"nein"
"Carl Bechem";"Avantin 524";"COOLANT_WATER_MIX";"https://www.bechem.com";"https://www.bechem.com/_Resources/Persistent/5/d/2/c/5d2c8f4cabd201ffdb0f84f67d193858c3d3aff2/BECHEM_Avantin_524_DE.pdf";"nein"
"Carl Bechem";"BECHEM Unopol AL 570";"WIRE_DRAWING";"https://www.bechem.com/de/produkte/umformschmierstoffe/bechem-unopol-al-570.html";"";"nein"
"Carl Bechem";"BECHEM Unopol G 560";"WIRE_DRAWING";"https://www.bechem.com/de/produkte/umformschmierstoffe/bechem-unopol-g-560.html";"";"nein"
"Carl Bechem";"BECHEM Unopol S 621";"WIRE_DRAWING";"https://www.bechem.com/de/produkte/umformschmierstoffe/bechem-unopol-s-621.html";"";"nein"
"Carl Bechem";"BERUDRAW ZD 818 NEU";"WIRE_DRAWING";"https://www.bechem.com/de/produkte/umformschmierstoffe/berudraw-zd-818-neu.html";"";"nein"
"Carl Bechem";"Berudraw 2291-1";"FORMING_OIL";"https://www.bechem.com/de/produkte/umformschmierstoffe/berudraw-2291-1.html";"";"nein"
"Carl Bechem";"Berudraw 3955";"FORMING_OIL";"https://www.bechem.com/de/produkte/umformschmierstoffe/berudraw-3955.html";"";"nein"
"Carl Bechem";"Beruforge 100";"FORMING_OIL";"https://www.bechem.com/de/produkte/umformschmierstoffe/beruforge-100.html";"";"nein"
"Carl Bechem";"Beruprotect DW 20 M";"CORROSION_PROTECTION";"https://www.bechem.us/en/products/corrosion-inhibitor/beruprotect-dw-20-m.html";"";"nein"
"Carl Bechem";"Entschäumer FB";"ADDITIVE";"https://pdf.directindustry.de/pdf/carl-bechem/kuehlschmierstoffe/37339-308005.html";"";"nein"
"Castrol";"Castrol Hyspin Spindle Oil 10";"SPINDLE_OIL";"https://thelubricantoracle.castrol.com/product/hyspin-spindle-oil-10/industrial/en-US";"https://msdspds.castrol.com/bpglis/fusionpds.nsf/files/bc6d0aceb9d32cfb80257796002fd4ae/$file/460393_gb_en.pdf";"nein"
"Castrol";"Castrol Hyspin Spindle Oil 2";"SPINDLE_OIL";"https://thelubricantoracle.castrol.com/product/hyspin-spindle-oil-2/oil-gas/en-BR";"https://ctacnc.ca/wp-content/uploads/2023/06/Castrol-Hyspin-Spindle-Oil-2_Data-sheet.pdf";"nein"
"Castrol";"Castrol Magnaglide D 220";"SLIDEWAY_OIL";"https://msdspds.castrol.com/bpglis/FusionPDS.nsf/Files/53AC56A6A08A16BD802585CA004E175D/$File/wepp-bsr4pk.pdf";"http://www.salube.net/downloads/tds/magnaglide-d68-slideway-oil.pdf";"nein"
"Castrol";"Hysol RD";"COOLANT_WATER_MIX";"https://www.unilub.eu/en/webshop/soluble-metalworking-fluids/castrol-hysol/castrol-hysol-rd";"https://msdspds.castrol.com/bpglis/FusionPDS.nsf/Files/4B815924439643F180257796002FCA3D/$File/452287_XI_en.pdf";"nein"
"Castrol";"Hysol SL 45 XBB";"COOLANT_WATER_MIX";"https://www.unilub.eu/en/webshop/soluble-metalworking-fluids/castrol-hysol-sl-45/castrol-hysol-sl-45-xbb";"https://msdspds.castrol.com/bpglis/FusionPDS.nsf/Files/F84567E75DBD8427802582AD0033AFB8/$File/BPXE-B23UDS.pdf";"nein"
"Castrol";"Hysol T 15";"COOLANT_WATER_MIX";"https://www.unilub.eu/en/webshop/soluble-metalworking-fluids/castrol-hysol-t/castrol-hysol-t-15";"https://msdspds.castrol.com/bpglis/FusionPDS.nsf/Files/79D9B568CECADA60802582CF00351AE5/$File/BPXE-B2XURL.pdf";"nein"
"Castrol";"Hysol XF";"COOLANT_WATER_MIX";"https://www.unilub.eu/en/webshop/soluble-metalworking-fluids/castrol-hysol/castrol-hysol-xf";"https://msdspds.castrol.com/bpglis/FusionPDS.nsf/Files/0E2C1E9E0C423193802588EE0027C7BB/$File/WEPP-CKSCJ7.pdf";"nein"
"Castrol";"Iloform FST 8";"FORMING_OIL";"https://msdspds.castrol.com/bpglis/FusionPDS.nsf/Files/3DF1E96601B3758280257D27003E0AB2/$File/BPXE-8KMMTL_0.pdf";"https://msdspds.castrol.com/bpglis/FusionPDS.nsf/Files/3DF1E96601B3758280257D27003E0AB2/$File/BPXE-8KMMTL_0.pdf";"nein"
"Castrol";"Iloquench 32";"QUENCHING_OIL";"https://www.castrol.com/en_za/south-africa/home/products/industrial/metalworking/quenching-fluids.html";"https://industrialfluidsmfg.twinoils.com/Asset/Iloquench%2032.pdf";"nein"
"Castrol";"Rustilo DW 330";"CORROSION_PROTECTION";"https://www.castrol.com/en_us/united-states/home/products/industrial/metalworking/corrosion-preventives.html";"https://msdspds.castrol.com/bpglis/FusionPDS.nsf/Files/84BFFCE11083F608802584A2005603A6/$File/BPXE-BHKFX9.pdf";"nein"
"Castrol";"Rustilo DWX 32";"CORROSION_PROTECTION";"https://www.castrol.com/en_us/united-states/home/products/industrial/metalworking/corrosion-preventives.html";"https://msdspds.castrol.com/bpglis/FusionPDS.nsf/Files/62279A681547662680257C13002B1116/$File/Rustilo%20DWX%2032.pdf";"nein"
"Castrol";"Syntilo 75 EF";"COOLANT_WATER_MIX";"https://www.unilub.eu/en/webshop/soluble-metalworking-fluids/castrol-syntilo-75/castrol-syntilo-75-ef";"";"nein"
"Castrol";"Syntilo 9913";"COOLANT_WATER_MIX";"https://www.unilub.eu/en/webshop/soluble-metalworking-fluids/castrol-syntilo/castrol-syntilo-9913";"https://msdspds.castrol.com/bpglis/FusionPDS.nsf/Files/72A764F9AE9A10F98025779600303D88/$File/455241_AT_de.pdf";"nein"
"Castrol";"Syntilo 9954";"COOLANT_WATER_MIX";"https://www.unilub.eu/en/webshop/soluble-metalworking-fluids/castrol-syntilo/castrol-syntilo-9954";"https://msdspds.castrol.com/bpglis/FusionPDS.nsf/Files/18D4B222E221496E8025779600303EA9/$File/458285_AT_de.pdf";"nein"
"Castrol";"Techniclean MTC 43";"ADDITIVE";"https://www.castrol.com/en_us/united-states/home/products/industrial/metalworking/cleaners.html";"https://msdspds.castrol.com/bpglis/FusionPDS.nsf/Files/14A56E0E968AF61280257FFF00520BC3/$File/BPXE-ACJ4VV.pdf";"nein"
"Castrol";"Techniclean XBC";"ADDITIVE";"https://www.castrol.com/en_us/united-states/home/products/our-brands/industrial/techniclean-xbc.html";"";"nein"
"Chem-Trend";"Lusin Alro O 153 S";"RELEASE_AGENT";"https://de.chemtrend.com/wp-content/uploads/sites/5/2019/05/Trennmittel_Lusin_04.17-web.pdf";"https://de.chemtrend.com/wp-content/uploads/sites/5/2019/05/Trennmittel_Lusin_04.17-web.pdf";"nein"
"Chem-Trend";"Lusin Alro OL 202 F";"RELEASE_AGENT";"https://de.chemtrend.com/wp-content/uploads/sites/5/2019/05/Trennmittel_Lusin_04.17-web.pdf";"https://de.chemtrend.com/wp-content/uploads/sites/5/2019/05/Trennmittel_Lusin_04.17-web.pdf";"nein"
"Cimcool";"Cimperial 1010";"COOLANT_WATER_MIX";"https://cimcool.com";"https://web.archive.org/web/20130930194601id_/http://www.cimcool.com:80/wp-content/uploads/manage-msds-pif/pif/CIMPERIAL%201010.pdf";"nein"
"Cimcool";"Cimstar 585";"COOLANT_WATER_MIX";"https://cimcool.com.au/PIFs/Cimstar/CIMSTAR_585_AUSPIF.pdf";"https://cimcool.com.au/PIFs/Cimstar/CIMSTAR_585_AUSPIF.pdf";"nein"
"Cimcool";"Cimstar 60C-HFP";"COOLANT_WATER_MIX";"https://products.duboischemicals.com/signature-collection/metalworking-fluids/cimstar-60c-hfp";"https://cdn.mscdirect.com/global/images/ProductDataSheet/pds_sku_1188523_technicaldatasheet_technicalspecifications_spec.pdf";"nein"
"Cimcool";"Cimstar 66";"COOLANT_WATER_MIX";"https://dtsindustrial.com/cimstar-66.html";"";"nein"
"Cimcool";"Cimtech 320";"COOLANT_WATER_MIX";"https://cimcool.com";"https://s3-us-east-2.amazonaws.com/milacron-website-media-offload/wp-content/uploads/2016/04/12194649/cimtech-320.pdf";"nein"
"Condat";"VICAFIL SENJA";"FORMING_OIL";"https://condatcorp.com/press-article/higher-drawing-stability-vicafil-senja";"";"nein"
"Condat";"VICAFIL SL";"WIRE_DRAWING";"https://www.condat-lubricants.com/product/wire-drawing-lubricants-soaps/soluble-lubricants-wet-wire-drawing/";"";"nein"
"Condat";"VICAFIL SP";"WIRE_DRAWING";"https://www.condat-lubricants.com/product/wire-drawing-lubricants-soaps/soluble-lubricants-wet-wire-drawing/";"";"nein"
"Condat";"VICAFIL TFG";"WIRE_DRAWING";"https://www.condat-lubricants.com/product/wire-drawing-lubricants-soaps/wire-drawing-oils-greases/";"";"nein"
"Condat";"VICAFIL TFH";"WIRE_DRAWING";"https://www.condat-lubricants.com/product/wire-drawing-lubricants-soaps/wire-drawing-oils-greases/";"";"nein"
"Cortec";"VpCI-368";"CORROSION_PROTECTION";"https://www.cortecvci.com/products/vpci-high-performance-coatings/vpci-368/";"https://www.cortecvci.com/Publications/PDS/VpCI-368.pdf";"nein"
"Cortec";"VpCI-369";"CORROSION_PROTECTION";"https://www.cortecvci.com/products/vpci-369/";"https://www.cortecvci.com/Publications/PDS/VpCI-369.pdf";"nein"
"DOW";"DOWTHERM A";"HEAT_TRANSFER_OIL";"https://www.dow.com/en-us/pdp.dowtherm-a-heat-transfer-fluid.238000z.html";"";"nein"
"Eastman";"Therminol 66";"HEAT_TRANSFER_OIL";"https://www.eastman.com/en/products/product-detail/71093438/therminol-66-heat-transfer-fluid";"";"nein"
"Eastman";"Therminol VP-1";"HEAT_TRANSFER_OIL";"https://www.eastman.com/en/products/product-detail/71093459/therminol-vp-1-heat-transfer-fluid";"https://productcatalog.eastman.com/tds/ProdDatasheet.aspx?product=71093459";"nein"
"Eastman";"Therminol XP";"HEAT_TRANSFER_OIL";"https://www.eastman.com/en/products/product-detail/71093461/therminol-xp-heat-transfer-fluid";"";"nein"
"Fuchs";"ANTICORIT CPX 3373";"CORROSION_PROTECTION";"https://www.fuchs.com/us/en/product/product/113131-anticorit-cpx-3373/";"";"nein"
"Fuchs";"ANTICORIT DFW 6101";"CORROSION_PROTECTION";"https://www.fuchs.com/us/en/product/product/11940-ANTICORIT-DFW-6101/";"";"nein"
"Fuchs";"ANTICORIT RP 4107 A";"CORROSION_PROTECTION";"https://www.fuchs.com/de/de/produkt/product/147308-ANTICORIT-RP-4107-A/";"";"nein"
"Fuchs";"CASSIDA CHAIN OIL HT 220";"CHAIN_OIL";"https://www.fuchs.com/us/en/product/product/116907-CASSIDA-CHAIN-OIL-HT-220/";"";"nein"
"Fuchs";"CASSIDA CHAIN OIL HTE";"CHAIN_OIL";"https://www.fuchs.com/de/en/product/product/147473-CASSIDA-CHAIN-OIL-HTE/";"";"nein"
"Fuchs";"CASSIDA CHAIN OIL HTX";"CHAIN_OIL";"https://www.fuchs.com/de/en/product/product/147475-CASSIDA-CHAIN-OIL-HTX/";"";"nein"
"Fuchs";"CASSIDA CHAIN OIL XTE";"CHAIN_OIL";"https://www.fuchs.com/us/en/product/product/12742-CASSIDA-CHAIN-OIL-XTE/";"";"nein"
"Fuchs";"ECOCOOL 711";"COOLANT_WATER_MIX";"https://www.fuchs.com/fileadmin/in/Company/ECOCOOL_-_ECOCUT_-_RATAK_-_RENOFORM.pdf";"";"nein"
"Fuchs";"ECOCOOL Global 10";"COOLANT_WATER_MIX";"https://www.fuchs.com/fileadmin/uk/Media/Brochures/Industrial/FUCHS_ECOCOOL_GLOBAL_10.pdf";"";"nein"
"Fuchs";"ECOCOOL R-AFC 1515 JLR";"COOLANT_WATER_MIX";"https://www.fuchs.com/fileadmin/uk/Media/TDS/TDS_ECOCOOL_R_AFC_1515_JLR.pdf";"https://www.fuchs.com/fileadmin/uk/Media/TDS/TDS_ECOCOOL_R_AFC_1515_JLR.pdf";"nein"
"Fuchs";"ECOCOOL S-CO 5";"COOLANT_WATER_MIX";"https://static-content.cromwell.co.uk/pdfs/s/Medusa_Attachments/Fuchs/FCH7403003F_TDS.pdf";"https://static-content.cromwell.co.uk/pdfs/s/Medusa_Attachments/Fuchs/FCH7403003F_TDS.pdf";"nein"
"Fuchs";"ECOCUT 30 EDM";"EDM_FLUID";"https://www.fuchs.com/ca/en/product/product/123482-ECOCUT-30-EDM/";"";"nein"
"Fuchs";"ECOCUT HS";"GRINDING_OIL";"https://www.fuchs.com/de/de/produkt/product/147952-ecocut-hs/";"";"nein"
"Fuchs";"RENEP CGLP 220";"SLIDEWAY_OIL";"https://www.fuchs.com/de/en/product/product/148737-RENEP-CGLP-220/";"https://www.fuchs.com/fileadmin/in/Company/FUCHS-RENEP-Slideway-Oils.pdf";"nein"
"Fuchs";"RENEP CGLP 68";"SLIDEWAY_OIL";"https://www.fuchs.com/de/en/product/product/148739-RENEP-CGLP-68/";"https://www.fuchs.com/fileadmin/in/Company/FUCHS-RENEP-Slideway-Oils.pdf";"nein"
"Fuchs";"RENISO KC 68";"REFRIGERATION_OIL";"https://www.fuchs.com/de/de/produkt/product/148757-RENISO-KC-68/";"";"nein"
"Fuchs";"RENISO S 68";"REFRIGERATION_OIL";"https://www.fuchs.com/de/de/produkt/product/148780-RENISO-S-68/";"";"nein"
"Fuchs";"RENISO UltraCool 68";"REFRIGERATION_OIL";"https://www.fuchs.com/de/de/produkt/product/148811-RENISO-UltraCool-68/";"";"nein"
"Fuchs";"RENOCAST RA 3107";"RELEASE_AGENT";"https://www.fuchs.com/de/de/produkt/product/153250-RENOCAST-RA-3107/";"";"nein"
"Fuchs";"RENOCAST RA 4830 AQUA";"RELEASE_AGENT";"https://www.fuchs.com/de/de/produkt/product/153216-RENOCAST-RA-4830-AQUA/";"";"nein"
"Fuchs";"RENOCLEAN FXM 4005";"ADDITIVE";"https://www.fuchs.com/de/de/produkt/product/148847-RENOCLEAN-FXM-4005/";"";"nein"
"Fuchs";"RENOFORM";"FORMING_OIL";"https://www.fuchs.com";"";"nein"
"Fuchs";"RENOFORM MZAN 51";"FORMING_OIL";"https://www.fuchs.com/fi/en/product/product/136809-RENOFORM-MZAN-51/";"";"nein"
"Fuchs";"RENOLIN 504 VDL 100";"COMPRESSOR_OIL";"https://www.fuchs.com/de/en/product/product/149001-RENOLIN-504/";"";"nein"
"Fuchs";"RENOLIN SPINDLE OIL #10";"SPINDLE_OIL";"https://www.fuchs.com/ca/en/product/product/128461-RENOLIN-SPINDLE-OIL-10/";"";"nein"
"Fuchs";"RENOLIN THERM 250";"HEAT_TRANSFER_OIL";"https://www.fuchs.com/de/en/product/product/149343-RENOLIN-THERM-250/";"";"nein"
"Fuchs";"RENOLIN THERM 320";"HEAT_TRANSFER_OIL";"https://www.fuchs.com/de/en/product/product/149345-RENOLIN-THERM-320/";"";"nein"
"Fuchs";"RENOLIN THERM 330 S";"HEAT_TRANSFER_OIL";"https://www.fuchs.com/de/en/product/product/149347-RENOLIN-THERM-330-S/";"";"nein"
"Fuchs";"RENOLIN UNISYN OL 100";"COMPRESSOR_OIL";"https://www.fuchs.com/de/en/product/product/149361-RENOLIN-UNISYN-OL-100/";"";"nein"
"Fuchs";"RENOLIN ZAF B HT PLUS Low Viscosity Series";"SPINDLE_OIL";"https://www.fuchs.com/us/en/product/product/122667-renolin-zaf-b-ht-plus-low-viscosity-series/";"";"nein"
"Fuchs";"RENOQUENCH QH 10 MC";"QUENCHING_OIL";"https://www.fuchs.com/de/en/product/product/126702-thermisol-qh-10-mc/";"";"nein"
"Fuchs";"RENOQUENCH QH 35 MC";"QUENCHING_OIL";"https://www.fuchs.com/de/en/product/product/149840-THERMISOL-QH-35-MC/";"";"nein"
"Henkel";"BONDERITE C-AK 470";"CLEANER";"https://next.henkel-adhesives.com/us/en/products/industrial-cleaners/central-pdp.html/bonderite-c-ak-470/BP000000232751.html";"";"nein"
"Henkel";"BONDERITE C-NE 5088";"CLEANER";"https://next.henkel-adhesives.com/us/en/products/industrial-cleaners/central-pdp.html/bonderite-c-ne-5088/BP000000160188.html";"";"nein"
"Klüber Lubrication";"Klüber Summit HySyn FG 46";"COMPRESSOR_OIL";"https://www.klueber.com/us/en/products-service/products/klueber-summit-hysyn-fg-46/9923/";"";"nein"
"Klüber Lubrication";"Klüber Summit RHT 68";"REFRIGERATION_OIL";"https://www.klueber.com/us/en/products-service/products/klueber-summit-rht-68/304207/";"";"nein"
"Klüber Lubrication";"Klüber Summit SH 46";"COMPRESSOR_OIL";"https://www.klueber.com/us/en/products-service/products/klueber-summit-sh-46/9885/";"";"nein"
"Klüber Lubrication";"Klüberfood NH1 CH 2-220";"CHAIN_OIL";"https://www.klueber.com/us/en/products-service/products/klueberfood-nh1-ch-2-220/9954/";"https://www.qualitybearingsonline.com/content/Lubricants/MSDS%20and%20TDS%20PDFs/Kluber/Kl%C3%BCberfood_NH1_CH_2-150_CH_2-220_EN_en.pdf";"nein"
"Klüber Lubrication";"Klüberfood NH1 CH 2-220 Plus";"CHAIN_OIL";"https://www.klueber.com/us/en/products-service/products/klueberfood-nh1-ch-2-220-plus/9830/";"";"nein"
"Klüber Lubrication";"Klüberoil Y F 100";"CHAIN_OIL";"https://www.klueber.com/us/en/products-service/products/klueberoil-y-f-100/9882/";"";"nein"
"Klüber Lubrication";"Klübersynth CH 2-100";"CHAIN_OIL";"https://www.klueber.com/de/de/produkte-service/produkte/kluebersynth-ch-2-100/10747/";"";"nein"
"Klüber Lubrication";"LAMORA D 68";"SLIDEWAY_OIL";"https://www.klueber.com/us/en/products-service/products/lamora-d-68/9957/";"";"nein"
"ML Lubrication";"ML-Serie nicht wassermischbar (allgemein)";"COOLANT_NEAT";"https://www.ml-lubrication.com";"";"nein"
"ML Lubrication";"ML-Serie wassermischbar (allgemein)";"COOLANT_WATER_MIX";"https://www.ml-lubrication.com";"";"nein"
"Master Fluid Solutions";"TRIM C115";"COOLANT_WATER_MIX";"https://www.masterfluids.com/ap/en-ap/data-sheet/di.php?pid=C115";"https://www.masterfluids.com/ap/en-ap/data-sheet/di.php?pid=C115";"nein"
"Master Fluid Solutions";"TRIM E206";"COOLANT_WATER_MIX";"https://industrialfluidsmfg.twinoils.com/Asset/Trim%20E206.pdf";"https://www.masterfluids.com/na/en-us/data-sheet/di.php?pid=E206N";"nein"
"Master Fluid Solutions";"TRIM E860";"COOLANT_WATER_MIX";"https://www.masterfluids.com/ap/en-ap/data-sheet/di.php?pid=E860";"https://www.masterfluids.com/na/en-us/data-sheet/di.php?pid=E860";"nein"
"Master Fluid Solutions";"TRIM MIST";"COOLANT_WATER_MIX";"https://www.masterfluids.com/na/en-us/data-sheet/di.php?pid=MIST";"https://www.masterfluids.com/na/en-us/data-sheet/di.php?pid=MIST";"nein"
"Master Fluid Solutions";"TRIM MicroSol 515";"COOLANT_WATER_MIX";"https://www.masterfluids.com/eu/en/data-sheet/di.php?pid=MS515";"https://www.masterfluids.com/eu/en/data-sheet/di.php?pid=MS515";"nein"
"Master Fluid Solutions";"TRIM SC536";"COOLANT_WATER_MIX";"https://industrialfluidsmfg.twinoils.com/Asset/Trim%20SC536.pdf";"https://www.masterfluids.com/na/en-us/data-sheet/di.php?pid=SC536";"nein"
"Master Fluid Solutions";"TRIM SOL";"COOLANT_WATER_MIX";"https://www.masterfluids.com/na/en-us/data-sheet/di.php?pid=SOL";"https://www.masterfluids.com/na/en-us/data-sheet/di.php?pid=SOL";"nein"
"Mobil";"Mobil EAL Arctic 68";"REFRIGERATION_OIL";"https://www.mobil.com/en/lubricants/for-businesses/industrial/lubricants/products/products/mobil-eal-arctic-68";"";"nein"
"Mobil";"Mobil Rarus 827";"COMPRESSOR_OIL";"https://www.mobil.com/en/lubricants/for-businesses/industrial/lubricants/products/products/mobil-rarus-827";"";"nein"
"Mobil";"Mobil Vacmul EDM 2";"EDM_FLUID";"https://www.mobil.com/en/sap/our-products/product-series/vacmul-edm-2-3";"";"nein"
"Mobil";"Mobil Vactra Oil No. 1";"SLIDEWAY_OIL";"https://www.mobil.com/en/sap/lubricants/product-series/mobil-vactra-oil-numbered-series";"https://www.mobil.com/en-us/industrial/pds/gl-xx-mobil-vactra-oil-numbered-series";"nein"
"Mobil";"Mobil Vactra Oil No. 2";"SLIDEWAY_OIL";"https://www.mobil.com/en/lubricants/for-businesses/industrial/lubricants/products/products/mobil-vactra-oil-no-2";"https://www.mobil.com/en-us/industrial/pds/gl-xx-mobil-vactra-oil-numbered-series";"nein"
"Mobil";"Mobil Vactra Oil No. 4";"SLIDEWAY_OIL";"https://www.mobil.com/en/sap/lubricants/product-series/mobil-vactra-oil-numbered-series";"https://www.mobil.com/en-us/industrial/pds/gl-xx-mobil-vactra-oil-numbered-series";"nein"
"Mobil";"Mobil Velocite Oil No. 3";"SPINDLE_OIL";"https://www.mobil.com/en/sap/our-products/product-series/mobil-velocite-oil-no-series";"";"nein"
"Mobil";"Mobil Velocite Oil No. 4";"SPINDLE_OIL";"https://www.mobil.com/en/sap/our-products/product-series/mobil-velocite-oil-no-series";"";"nein"
"Mobil";"Mobil Velocite Oil No. 6";"SPINDLE_OIL";"https://www.mobil.com/en/sap/our-products/products/mobil-velocite-oil-no-6";"";"nein"
"Mobil";"Mobilarma 524";"CORROSION_PROTECTION";"https://www.mobil.com/en/lubricants/for-businesses/industrial/lubricants/products/products/mobilarma-524";"";"nein"
"Motorex";"CS-CLEANER";"ADDITIVE";"https://motorex.com/en-us/cs-cleaner--17854";"https://motorex.com/Pdf/TI/Motorex/Additive/SWISSCARE/CS-CLEANER/CS-CLEANER_EN.pdf";"nein"
"Motorex";"SWISSCARE ANTIFOAM WATER";"ADDITIVE";"https://motorex.com/en/swisscare-antifoam-water--53810";"";"nein"
"Motorex";"SWISSGRIND ZOOM XL";"GRINDING_OIL";"https://motorex.com/en-us/swissgrind-zoom-xl--38366";"";"nein"
"Oemeta";"ADDI-PROX LC";"ADDITIVE";"https://www.oemeta.com/us/products-services/control-additives";"";"nein"
"Oemeta";"HYCUT CF 21 + ADDITIV AE";"COOLANT_WATER_MIX";"https://www.oemeta.com/us/products-services/two-component-metalworking-fluid";"https://www.chemiehandel.ch/images/HYCUT_CF_21_TDS_deutsch.pdf";"nein"
"Oemeta";"HYCUT CF 21 + ADDITIV BF";"COOLANT_WATER_MIX";"https://www.oemeta.com/us/products-services/two-component-metalworking-fluid";"https://www.chemiehandel.ch/images/HYCUT_CF_21_TDS_deutsch.pdf";"nein"
"Oemeta";"HYCUT CF 21 + ADDITIV MG";"COOLANT_WATER_MIX";"https://www.oemeta.com/us/products-services/two-component-metalworking-fluid";"https://www.chemiehandel.ch/images/HYCUT_CF_21_TDS_deutsch.pdf";"nein"
"Oemeta";"HYCUT ET 46 + ADDITIV ET";"COOLANT_WATER_MIX";"https://www.oemeta.com/us/products-services/product?tx_lfmproducts_productdetail%5Bproduct%5D=180";"https://www.chemiehandel.ch/images/HYCUT_ET_46_TDS_deutsch.pdf";"nein"
"Oemeta";"HYCUT SE 12";"GRINDING_OIL";"https://www.oemeta.com/us/products-services/two-component-metalworking-fluid";"https://cdn.shopify.com/s/files/1/0470/9065/files/Hycut_SE_12.pdf";"nein"
"Petrofer";"Feroform";"FORMING_OIL";"https://www.petrofer.com";"";"nein"
"Petrofer";"ISOCUT VG 15 G";"GRINDING_OIL";"https://www.petrofer.com/products/metal-cutting-fluids/";"";"nein"
"Petrofer";"ISOMAX 150";"QUENCHING_OIL";"https://www.petrofer.co.uk/product-ranges/heat-treatment";"https://petroferbyhongdang.vn/vnt_upload/product/10_2023/Petrofer_Quenching_Oils.pdf";"nein"
"Petrofer";"ISORAPID 277";"QUENCHING_OIL";"https://petrofer.com/products/heat-treatment/";"https://petroferbyhongdang.vn/vnt_upload/product/10_2023/Petrofer_Quenching_Oils.pdf";"nein"
"Petrofer";"ISORAPID 455";"QUENCHING_OIL";"https://petrofer.com/products/heat-treatment/";"https://petroferbyhongdang.vn/vnt_upload/product/10_2023/Petrofer_Quenching_Oils.pdf";"nein"
"Petrofer";"Isocut";"COOLANT_NEAT";"https://www.petrofer.com";"";"nein"
"Petrofer";"Isogrind";"GRINDING_OIL";"https://www.petrofer.com";"";"nein"
"Petrofer";"MARQUENCH 722";"QUENCHING_OIL";"https://petrofer.com/products/heat-treatment/";"https://petroferbyhongdang.vn/vnt_upload/product/10_2023/Petrofer_Quenching_Oils.pdf";"nein"
"Petrofer";"VACUQUENCH 305";"QUENCHING_OIL";"https://www.petrofer.co.uk/product-ranges/heat-treatment";"https://petroferbyhongdang.vn/vnt_upload/product/10_2023/Petrofer_Quenching_Oils.pdf";"nein"
"Quaker Houghton";"EDM 244";"EDM_FLUID";"https://store.quakerhoughton.com/edm-244-na";"";"nein"
"Quaker Houghton";"FERROCOTE 6130";"FORMING_OIL";"https://store.quakerhoughton.com/ferrocote-6130-na";"";"nein"
"Quaker Houghton";"HOUGHTO-CLEAN 138 AT";"CLEANER";"https://home.quakerhoughton.com/wp-content/hub/Files/TDS_HOUGHTO-CLEAN%20138%20AT_EN.pdf";"https://home.quakerhoughton.com/wp-content/hub/Files/TDS_HOUGHTO-CLEAN%20138%20AT_EN.pdf";"nein"
"Quaker Houghton";"HOUGHTO-QUENCH C 1203";"QUENCHING_OIL";"https://home.quakerhoughton.com/wp-content/uploads/2022/09/plc_heat_treatment_A4_EN_EU.pdf";"https://home.quakerhoughton.com/wp-content/uploads/2022/09/plc_heat_treatment_A4_EN_EU.pdf";"nein"
"Quaker Houghton";"MAR-TEMP H 340";"QUENCHING_OIL";"https://home.quakerhoughton.com/wp-content/uploads/2022/09/plc_heat_treatment_A4_EN_EU.pdf";"https://home.quakerhoughton.com/wp-content/uploads/2022/09/plc_heat_treatment_A4_EN_EU.pdf";"nein"
"Rhenus Lub";"rhenus EP 11 M";"GRINDING_OIL";"https://www.rhenuslub.de/produkt/rhenus-ep-11-m/";"";"nein"
"Rhenus Lub";"rhenus GP 20 M";"GRINDING_OIL";"https://www.rhenuslub.de/produkt/rhenus-gp-20-m/";"";"nein"
"Rhenus Lub";"rhenus GP 6";"GRINDING_OIL";"https://www.rhenuslub.de/produkt/rhenus-gp-6/";"";"nein"
"Rhenus Lub";"rhenus ZC 944";"ADDITIVE";"https://www.rhenuslub.de/wp-content/uploads/2022/06/Pflegemassnahmen_KSS_bei_langen_Anlagenstillstaenden.pdf";"";"nein"
"Rhenus Lub";"rhenus ZC 948";"ADDITIVE";"https://www.rhenuslub.de/wp-content/uploads/2022/06/Pflegemassnahmen_KSS_bei_langen_Anlagenstillstaenden.pdf";"";"nein"
"Rhenus Lub";"rhenus ZI 923";"ADDITIVE";"https://www.rhenuslub.de/wp-content/uploads/2022/06/Pflegemassnahmen_KSS_bei_langen_Anlagenstillstaenden.pdf";"";"nein"
"Rhenus Lub";"rhenus ZW 977";"ADDITIVE";"https://www.rhenuslub.de/produktfinder/";"";"nein"
"Shell";"Shell Corena S3 R 46";"COMPRESSOR_OIL";"https://www.shell.com/business-customers/industrial-lubricants-and-specialty-fluids-for-business/products/shell-corena-compressor-oils.html";"https://www.shell-livedocs.com/data/published/en-US/dc6df9c2-06a8-4400-9ee2-fb21567f3405.pdf";"nein"
"Shell";"Shell Morlina S2 BL 10";"SPINDLE_OIL";"https://www.shell.com/content/dam/shell/assets/en/business-functions/shell-lubricants/documents/morlina-family-brochure.pdf";"";"nein"
"Shell";"Shell Morlina S2 BL 22";"SPINDLE_OIL";"https://www.shell.com/business-customers/industrial-lubricants-and-specialty-fluids-for-business/products/shell-morlina-bearing-circulating-oils.html";"https://www.shell-livedocs.com/data/published/en-US/9611876a-728f-41be-9364-c1af80d08390.pdf";"nein"
"Shell";"Shell Morlina S2 BL 5";"SPINDLE_OIL";"https://www.shell.com/content/dam/shell/assets/en/business-functions/shell-lubricants/documents/morlina-family-brochure.pdf";"";"nein"
"Shell";"Shell Tonna S3 M 220";"SLIDEWAY_OIL";"https://www.shell.us/business/fuels-and-lubricants/lubricants-for-business/products/shell-tonna-slideways-oils.html";"";"nein"
"Shell";"Shell Tonna S3 M 68";"SLIDEWAY_OIL";"https://www.shell.us/business/fuels-and-lubricants/lubricants-for-business/products/shell-tonna-slideways-oils.html";"https://hand.net.pl/wp-content/uploads/2014/02/GPCDOC_GTDS_Shell_Tonna_S3_M_68_en_TDS.pdf";"nein"
"Sodick";"V-WX";"EDM_FLUID";"https://www.sodick.co.jp/en/product/supplies/chemicals/v-wxcoat.html";"";"nein"
"SurTec";"SurTec 085";"CLEANER";"https://www.surtec.com/de/produkte-services/surtec-085/";"";"nein"
"SurTec";"SurTec 089";"CLEANER";"https://www.surtec.com/de/produkte-services/surtec-089/";"";"nein"
"TotalEnergies";"DIEL MS 7000";"EDM_FLUID";"https://lubricants.catalog.totalenergies.com/catalog-id/en_ID/hey_diel-ms-7000";"";"nein"
"TotalEnergies";"JARYTHERM DBT";"HEAT_TRANSFER_OIL";"https://lubricants.catalog.totalenergies.com/catalog-sg/en_SG/fpw-jarytherm-dbt";"";"nein"
"TotalEnergies";"MARTOL EP 100 CF";"FORMING_OIL";"https://lubricants.catalog.totalenergies.com/corporate/en_UK/qe8_martol-ep-100-cf";"";"nein"
"TotalEnergies";"MARTOL VB 68";"FORMING_OIL";"https://lubricants.catalog.totalenergies.com/corporate/en_UK/a4d_martol-vb-68";"";"nein"
"TotalEnergies";"NEVASTANE CHAIN OIL XT";"CHAIN_OIL";"https://lubricants.catalog.totalenergies.com/catalog-sg/en_SG/6ec_nevastane-chain-oil-xt";"";"nein"
"TotalEnergies";"OSYRIS Y 4000";"CORROSION_PROTECTION";"https://lubricants.catalog.totalenergies.com/corporate/en_UK/eel_osyris-y-4000";"";"nein"
"TotalEnergies";"PLANETELF ACD 68";"REFRIGERATION_OIL";"https://lubricants.catalog.totalenergies.com/catalog-ch/de_CH/ggz_planetelf-acd-68";"";"nein"
"TotalEnergies";"SERIOLA 1510";"HEAT_TRANSFER_OIL";"https://lubricants.catalog.totalenergies.com/catalog-za/en_UK/b38_seriola-1510";"";"nein"
"TotalEnergies";"TotalEnergies Dacnis SH 46";"COMPRESSOR_OIL";"https://lubricants.catalog.totalenergies.com/catalog-za/en_UK/1kt_dacnis-sh-46";"";"nein"
"Zeller+Gmelin";"Divinol B Classic";"RELEASE_AGENT";"https://zeller-gmelin.de/products/divinol-b-classic/";"";"nein"
"Zeller+Gmelin";"Divinol Chain Lube 260 CPS";"CHAIN_OIL";"https://zeller-gmelin.de/sbu/woodpanel-2/hochtemperaturkettenoele/";"";"nein"
"Zeller+Gmelin";"Divinol Cleaner 9337";"CLEANER";"https://www.zeller-gmelin.de/zgSite/de/Chemie/Oberfl%C3%A4chenbehandlung/Vorbehandlung-Metalle/Divinol-Cleaner-9337/p/09337";"";"nein"
"Zeller+Gmelin";"Divinol Multicor DW 3 Ultra";"CORROSION_PROTECTION";"https://zeller-gmelin.de/en/products/multicor-dw-3-ultra/";"";"nein"
"Zeller+Gmelin";"Divinol Multicor LF 30";"CORROSION_PROTECTION";"https://zeller-gmelin.de/en/products/multicor-lf-30/";"";"nein"
"Zeller+Gmelin";"Divinol T 7 EP ISO 68";"SLIDEWAY_OIL";"https://www.zeller-gmelin.de/zgSite/de/Industrieschmierstoffe/Maschinenschmierung/F%C3%BChrungs--und-Gleitbahn%C3%B6le/Divinol-T-7-EP-ISO-68/p/21660";"";"nein"
"Zeller+Gmelin";"Multicut Grind 8";"GRINDING_OIL";"https://zeller-gmelin.de/en/products/multicut-grind-8/";"https://zeller-gmelin.de/wp-content/uploads/2023/11/Multicut_deutsch_0320_WEB_DpS.pdf";"nein"
"Zeller+Gmelin";"Multicut Grind HSG 9";"GRINDING_OIL";"https://zeller-gmelin.de/en/products/multicut-grind-hsg-9/";"https://zeller-gmelin.de/wp-content/uploads/2023/11/Multicut_deutsch_0320_WEB_DpS.pdf";"nein"
"Zeller+Gmelin";"Multicut Honolit 4";"HONING_LAPPING_OIL";"https://zeller-gmelin.de/wp-content/uploads/2023/11/Multicut_deutsch_0320_WEB_DpS.pdf";"https://zeller-gmelin.de/wp-content/uploads/2023/11/Multicut_deutsch_0320_WEB_DpS.pdf";"nein"
"Zeller+Gmelin";"Multidraw ALM 250";"FORMING_OIL";"https://zeller-gmelin.de/products/multidraw-alm-250/";"";"nein"
"Zeller+Gmelin";"Multidraw CU GWZ";"WIRE_DRAWING";"https://zeller-gmelin.de/en/products/multidraw-cu-gwz-2/";"";"nein"
"Zeller+Gmelin";"Multidraw CU MFE";"FORMING_OIL";"https://zeller-gmelin.de/en/products/multidraw-cu-mfe/";"";"nein"
"Zeller+Gmelin";"Multidraw CU SY";"WIRE_DRAWING";"https://www.zeller-gmelin.de/zgSite/de/Lubricants/Draht/Drahtzug/Multidraw-CU-SY/p/97220";"";"nein"
"Zeller+Gmelin";"Multidraw Drylube E 1";"FORMING_OIL";"https://zeller-gmelin.de/en/products/multidraw-drylube-e-1/";"";"nein"
"Zeller+Gmelin";"Multidraw KTL N 20";"FORMING_OIL";"https://zeller-gmelin.de/products/multidraw-ktl-n-20/";"";"nein"
"Zeller+Gmelin";"Zubora RF";"ADDITIVE";"https://zeller-gmelin.de/en/products/zubora-rf/";"";"nein"
"oelheld";"EcoSpark 105";"EDM_FLUID";"https://www.oelheld.com/en/products/metalworking-lubricants/dielectric/ecospark-dielectric-for-die-sinking-edm/";"https://www.oelheld.com/fileadmin/content/Broschueren/DE/Dielektrika_-BR-__DE_.pdf";"nein"
"oelheld";"IME 82";"EDM_FLUID";"https://www.oelheld.com/en/products/metalworking-lubricants/dielectric/ime-series-dielectric-for-die-sinking-edm/";"https://www.oelheld.com/fileadmin/content/Broschueren/DE/Dielektrika_-BR-__DE_.pdf";"nein"
"oelheld";"IonoFil 100";"EDM_FLUID";"https://www.oelheld.com/en/products/metalworking-lubricants/dielectric/ionofil-dielectric-for-wire-edm/";"https://www.oelheld.com/fileadmin/content/Broschueren/DE/Dielektrika_-BR-__DE_.pdf";"nein"
"oelheld";"IonoGrind 165";"EDM_FLUID";"https://www.oelheld.com/en/products/metalworking-lubricants/dielectric/ionogrind-2-in-1-multifunctional-fluid/";"https://www.oelheld.com/fileadmin/content/Broschueren/DE/Dielektrika_-BR-__DE_.pdf";"nein"
"oelheld";"IonoVit 0";"EDM_FLUID";"https://www.oelheld.com/en/products/metalworking-lubricants/dielectric/ionovit-dielectric-for-fast-hole-edm-drilling/";"https://www.oelheld.com/fileadmin/content/Broschueren/DE/Dielektrika_-BR-__DE_.pdf";"nein"
"oelheld";"IonoVit S";"EDM_FLUID";"https://tri-gemini.com/dielectric-fluids/oelheldionovit-s/";"https://tri-gemini.com/wp-content/uploads/2020/06/IonoVit_-BR-_EN.pdf";"nein"
"oelheld";"SintoGrind HSS-X 1400";"GRINDING_OIL";"https://www.oelheld.com/en/products/metalworking-lubricants/grinding-oil/sintogrind-grinding-oil/";"https://www.oelheld.com/fileadmin/content/Broschueren/DE/Schleifoele_-BR-__DE_.pdf";"nein"
"oelheld";"SintoGrind TC-X 630";"GRINDING_OIL";"https://www.oelheld.com/en/products/metalworking-lubricants/grinding-oil/sintogrind-grinding-oil/";"https://www.oelheld.com/fileadmin/content/Broschueren/DE/Schleifoele_-BR-__DE_.pdf";"nein"
"oelheld";"SintoGrind TTK";"GRINDING_OIL";"https://www.oelheld.com/en/products/metalworking-lubricants/grinding-oil/sintogrind-grinding-oil/";"https://www.oelheld.com/fileadmin/content/Broschueren/DE/Schleifoele_-BR-__DE_.pdf";"nein"
"oelheld";"ToolGrind TC-X 620";"GRINDING_OIL";"https://www.oelheld.com/de/produkte/schmierstoffe-metallbearbeitung/schleifoel/toolgrind-schleifoel/";"";"nein"